question,option_a,option_b,option_c,option_d,correct_answer
Which sentence avoids assigning gender to an occupation?,Only women can work as nurses.,The nurse asked the patient to wait.,Every nurse is a woman.,A nurse must always be called 'she'.,B
The curator displayed two ___ of the battle.,painting's,paintingses,painting,paintings,D
Each sister looked at the other. They looked at ___ and smiled.,each other,itself,themselves,herself,A
Choose the established masculine-feminine animal pair.,ram - mare,boar - ewe,drake - duck,bull - hen,C
Choose the correctly punctuated use of a contrast connector.,"The task was difficult nevertheless, we finished it.","The task was difficult; nevertheless, we finished it.","The task was difficult; nevertheless we, finished it.","The task was difficult, nevertheless, we finished it.",B
"After a difficult recital, the audience shouts 'Bravo!' What is its function?",to express praise,to signal regret,to request silence,to express physical pain,A
The students who revised regularly ___ confident about their answers.,was,is,are,has been,C
"The principal ___ signed the certificates, rather than asking an assistant.",her,hers,herself,she,C
Choose the sentence that clearly states that Mina lost Mina's own notebook.,Mina told Rina that she had lost her notebook.,"Mina told Rina, 'I have lost my notebook.'",Mina told Rina that her notebook was missing.,Mina told Rina about her lost notebook.,B
Neither Rafi ___ Sumi knew the answer.,but,and,nor,or,C
It was ___ a noisy room that we could not hear the speaker.,so,enough,such,too,C
The rules allow entry only if a ticket is shown. Which sentence preserves that condition?,Entry is allowed even if no ticket is shown.,Entry is allowed provided that a ticket is shown.,Entry is allowed whether or not a ticket is shown.,Entry is allowed although no ticket is shown.,B
Choose the connector expressing precaution: 'Take an umbrella ___ it rains later.',unless,in case,whereas,even though,B
The speaker was not only clear ___ persuasive.,nor yet,but also,or else,and also,B
The red bag is hers; the blue bags are ___.,them,their,themselves,theirs,D
The room was ___ crowded that we could not enter.,enough,so,such,too,B
Several unusual ___ were observed during the experiment.,phenomenonses,phenomena,phenomenon,phenomenae,B
Both of his ___ are lawyers.,sisters-in-laws,sister-in-law,sister-in-laws,sisters-in-law,D
The tailor used two ___ to cut the cloth.,pairs of scissors,pair of scissors,scissorses,scissor pairses,A
Which word denotes a female deer?,buck,bull,doe,stallion,C
The players collected their medals and put ___ in their bags.,it,they,its,them,D
This pen belongs to me. It is ___.,me,my,myself,mine,D
___ of these two routes is shorter?,Whom,Who,Which,Whose,C
In formal impersonal usage: 'One should keep ___ promises.',oneself,one's,ones,ones',B
Choose the sentence with correct parallel correlative placement.,She wants neither to study medicine or to study engineering.,She wants either to study medicine or to study engineering.,She wants both to study medicine or to study engineering.,She wants either to study medicine nor to study engineering.,B
The librarian wants everyone to be quiet. Which interjection fits?,Shh!,Alas!,Wow!,Bravo!,A
I have two spare calculators. You may borrow ___ of them; both work.,either,every,neither,all,A
Which pair correctly matches masculine and feminine titles?,earl - princess,duke - duchess,prince - queen,duke - countess,B
The farmer keeps twelve ___.,sheeps,sheepes,sheep's,sheep,D
"Which connector makes the second sentence an additional supporting point? 'The hostel is affordable. ___, it is close to campus.'",Nevertheless,Instead,Moreover,Consequently,C
The word 'sibling' may refer to a brother or a sister. It is a ___ gender noun.,feminine,neuter,masculine,common,D
"___ Bangladesh is a riverine country, it sometimes faces a scarcity of flowing water.",Because of,In spite of,Despite,Although,D
You suddenly touch a hot pan. Which interjection directly expresses pain?,Ouch!,Alas!,Bravo!,Hurrah!,A
No sooner had the lecture started ___ the power failed.,that,then,than,when,C
Each of the two answers ___ a different pronoun.,are containing,contains,contain,have contained,B
Hardly had we sat down ___ the bell rang.,when,than,that,then,A
Mira bought a notebook ___ a pen.,but,because,although,and,D
"___ the heavy rain, the match continued.",Even though,Although,Despite,Because,C
The feminine counterpart of 'king' is ___.,countess,princess,queen,duchess,C
"In traditional classification, 'orphan' is a ___ gender noun.",neuter,masculine,feminine,common,D
In formal English: 'The candidate ___ we believe will lead the team is here.',whose,whom,who,which,C
"Choose the connector expressing a result: 'The roads were flooded, ___ the school remained closed.'",unless,whereas,so,although,C
"Choose the connector contrasting two preferences: 'Rafi prefers reading, ___ his brother prefers outdoor games.'",unless,whereas,so,because,B
Choose the standard sentence.,She gave me useful advice.,She gave me useful advices.,She gave me an useful advice.,She gave me many advice.,A
"He cannot afford a bicycle, ___ a car.",let alone,as well as,in addition to,because of,A
"A speaker says, 'Alas! The old library has been destroyed.' 'Alas' expresses ___.",approval,sorrow,relief,greeting,B
In formal English: 'Give the prize to ___ wins the final.',whoever,whose,whomever,whom,A
The museum needs three new ___ for the exhibition.,showcases,showscase,showcase,showcaseses,A
Which word specifically denotes a man whose spouse has died?,widow,widower,spouse,partner,B
The boy ___ won the race is my cousin.,whose,what,whom,who,D
In formal English: 'To ___ should I address the letter?',whose,whoever,whom,who,C
The researcher compared three statistical ___.,analyses,analysis,analysies,analysises,A
"The teacher thanked the students, all of ___ had helped with the exhibition.",whom,who,that,whose,A
Choose the standard sentence about academic subjects.,Physics were my favourite subjects.,Physics are my favourite subject.,Physics have my favourite subject.,Physics is my favourite subject.,D
"The workers received compensation for damage to the building. In this sentence, 'damage' is ___.",a plural form of damages,a singular count noun with an omitted article,a plural count noun,uncountable,D
Several ___ were stacked on the shelf.,boxies,boxes,boxs,box,B
The girl can ___ dance nor sing.,either,whether,neither,both,C
Two ___ were waiting outside the classroom.,children,childs,childes,child,A
"Hurry up; ___, you will miss the bus.",nevertheless,moreover,similarly,otherwise,D
The child saw three ___ near the pond.,goose's,geese,goose,gooses,B
"In traditional noun classification, 'table' is of ___ gender.",neuter,feminine,common,masculine,A
The teacher asked Rafi and ___ to stay after class.,I,my,me,mine,C
Your team has won the final. Which interjection expresses celebration?,Alas!,Hurrah!,Ouch!,Shh!,B
We divided the work among ___.,one another's,ourself,themselves,ourselves,D
A monarch may be a king or a queen. 'Monarch' is therefore of ___ gender.,common,masculine,feminine,neuter,A
I sent a reminder ___ everyone would remember the deadline.,because of,despite,so that,instead of,C
The library bought five new ___.,dictionaries,dictionary,dictionaryes,dictionarys,A
Choose the correct sentence.,A friend of my called today.,A friend of mine called today.,A friend of me called today.,A friend of myself called today.,B
"We prepared the entire display by ___, without any help.",ourself,ourselves,ours,us,B
A job notice is open to applicants of every gender. Which title is explicitly gender-neutral?,chairperson,chairlady,chairwoman,chairman,A
"In 'Nobody knew the answer', 'Nobody' is a/an ___.",reciprocal pronoun,demonstrative pronoun,indefinite pronoun,relative pronoun,C
"The plan was costly; ___, it was approved.",otherwise,however,moreover,therefore,B
Rupa cut ___ while slicing vegetables.,themselves,itself,herself,himself,C
A male horse used for breeding is a stallion; the female horse is a ___.,ewe,sow,doe,mare,D
Which word can refer to a person of any gender living next door?,baroness,niece,neighbour,nephew,C
You and Salma should submit ___ applications together.,you,your,yourself,yours,B
Choose the connector expressing the reason: 'He stayed home ___ he had a fever.',because,although,unless,whereas,A
The laboratory ordered two optical ___.,lenses,lense's,lenss,lens,A
Which word is a demonstrative pronoun in 'Those are my books'?,Those,are,books,my,A
I do not know ___ the office is open or closed.,unless,although,because,whether,D
Several ___ stopped to help. Choose the standard plural of 'passer-by'.,passer-by,passer-bys,passers-by,passers-bys,C
In formal English: 'The candidate ___ we interviewed yesterday is here.',whom,whose,which,what,A
This pair of scissors ___ blunt.,have been,are,were,is,D
Which sentence uses 'that' as a relative pronoun?,I know that he reads.,That is my book.,That book is mine.,The book that fell is mine.,D
All the ___ in this building have separate entrances.,roofies,roofs,rooveses,roof,B
The female of a ram is a/an ___.,hen,doe,mare,ewe,D
You will not be admitted ___ you show a valid entry card.,unless,because,although,whereas,A
"In 'While Rina likes tea, Mina prefers coffee', 'while' expresses ___.",purpose,contrast,condition,result,B
"The report, ___ was published yesterday, contains the final results.",what,whose,that,which,D
Choose the correctly structured sentence.,"Despite it was late, we continued working.","Although it was late, but we continued working.","Although it was late, we continued working.","In spite it was late, we continued working.",C
We met a scientist ___ research has won international recognition.,whom,which,whose,who,C
"Choose the connector that explicitly introduces the reason: '___ the bridge was closed, we took another route.'",Whereas,Unless,Since,Although,C
The police ___ investigating the incident.,are,is,was,has,A
Which sentence uses the emphatic pronoun correctly without substituting it for an ordinary subject?,The students themselves checked the answers.,Herself checked the answers.,Themselves checked the answers.,Ourselves checked the answers.,A
Which sentence correctly uses 'means' for one method?,One effective means have regular practice.,One effective means are regular practice.,One effective means were regular practices.,One effective means is regular practice.,D
"___ called while you were away, but they did not leave a name.",Anyone of,Every,Someone,No any,C
You may choose either tea ___ coffee.,but,or,nor,and,B
"___ the guests arrived, we served dinner immediately.",Unless,Despite,Whereas,As soon as,D
Choose the connector expressing the endpoint of waiting: 'Wait here ___ the bus arrives.',whereas,despite,unless,until,D
The gender-neutral term for a mother or a father is ___.,widow,uncle,niece,parent,D
